{"cameraMode":{"drawMode":0,"name":"Shaded","section":"Shading Mode"},"sceneLighting":true,"audioPlay":false,"sceneViewState":{"showFog":true,"showMaterialUpdate":false,"showSkybox":true,"showFlares":true,"showImageEffects":true,"showParticleSystems":true},"in2DMode":false,"pivot":{"x":-0.6869316101074219,"y":6.1423492431640629,"z":5.9768218994140629},"rotation":{"x":0.10783279687166214,"y":-0.884198784828186,"z":0.25216418504714968,"w":0.3781242370605469},"size":39.40475082397461,"orthographic":false}