{"cameraMode":{"drawMode":0,"name":"Shaded","section":"Shading Mode"},"sceneLighting":true,"audioPlay":false,"sceneViewState":{"showFog":true,"showMaterialUpdate":false,"showSkybox":true,"showFlares":true,"showImageEffects":true,"showParticleSystems":true},"in2DMode":false,"pivot":{"x":1.8271875381469727,"y":2.070216178894043,"z":0.5144996643066406},"rotation":{"x":-0.08586832135915756,"y":-0.17334850132465363,"z":0.015173534862697125,"w":-0.9809927344322205},"size":14.769780158996582,"orthographic":false}